{
"meta":{"test_sets":[],"test_metrics":[],"learn_metrics":[{"best_value":"Min","name":"Logloss"}],"launch_mode":"Train","parameters":"","iteration_count":585,"learn_sets":["learn"],"name":"experiment"},
"iterations":[
{"learn":[0.6890353029],"iteration":0,"passed_time":0.3184891858,"remaining_time":185.9976845},
{"learn":[0.6832636788],"iteration":1,"passed_time":0.4685785986,"remaining_time":136.5906615},
{"learn":[0.6514189842],"iteration":2,"passed_time":0.7083682883,"remaining_time":202.5933305,,
{"learn":[0.6384555554],"iteration":3,"passed_time":0.8362986634,"remaining_time":179.1769886,,
{"learn":[0.6264018835],"iteration":4,"passed_time":1.000646209,"remaining_time":171.3106309},
{"learn":[0.6153046948],"iteration":5,"passed_time":1.152082728,"remaining_time":164.1717887,,
{"learn":[0.6042218042],"iteration":6,"passed_time":1.265599088,"remaining_time":154.4030887,,
{"learn":[0.5978538811],"iteration":7,"passed_time":1.406741484,"remaining_time":149.9938107,,
{"learn":[0.5922124148],"iteration":8,"passed_time":1.512188378,"remaining_time":143.15,
{",,,
{"learn":[0.5852479225],"iteration":9,"passed_time":1.700181514,"remaining_time":144.68544,
,,
{"learn":[0.5797959446],"iteration":10,"passed_time":1.857115137,"remaining_time":143.5043515,,
{"learn":[0.5732344717],"iteration":11,"passed_time":2.007058387,"remaining_time":141.999,,
{",
{"learn":[0.5697596059],"iteration":12,"passed_time":2.166488086,"remaining_time":141.3216,
{",
{