iter	Logloss
0	0.6890353029
1	0.6832636788
2	0.6514189842
3	0.6384555554
4	0.6264018835
5	0.615304694866	0.604221804277	0.597853881188	0.592212419	99	0.5852479225110	0.5797959446
11	0.5732344717112	0.5697596059